file; precision; recall; f1
results_zhang16/teastore\tracelinks_zhang16_0.005_20210419111020.csv; 0.12698412698412698; 0.32; 0.18181818181818182
results_zhang16/teastore\tracelinks_zhang16_0.01_20210419111020.csv; 0.35; 0.28; 0.3111111111111111
results_zhang16/teastore\tracelinks_zhang16_0.025_20210419111020.csv; 0.3333333333333333; 0.08; 0.12903225806451613
results_zhang16/teastore\tracelinks_zhang16_0.02_20210419111020.csv; 0.5555555555555556; 0.2; 0.29411764705882354
results_zhang16/teastore\tracelinks_zhang16_0.03_20210419111020.csv; 0.3333333333333333; 0.08; 0.12903225806451613
