file; precision; recall; f1
results_zhang16/teammates\tracelinks_zhang16_0.005_20210420145059.csv; 0.4897959183673469; 0.3; 0.37209302325581395
results_zhang16/teammates\tracelinks_zhang16_0.01_20210420145058.csv; 0.6153846153846154; 0.2; 0.30188679245283023
results_zhang16/teammates\tracelinks_zhang16_0.025_20210420145057.csv; 0.7333333333333333; 0.1375; 0.23157894736842105
results_zhang16/teammates\tracelinks_zhang16_0.02_20210420145058.csv; 0.6875; 0.1375; 0.2291666666666667
results_zhang16/teammates\tracelinks_zhang16_0.03_20210420145057.csv; 0.75; 0.1125; 0.1956521739130435
