file; precision; recall; f1
results_zhang16/mediastore\tracelinks_zhang16_0.005_20210421140334.csv; 0.2692307692307692; 0.56; 0.36363636363636365
results_zhang16/mediastore\tracelinks_zhang16_0.01_20210421140333.csv; 0.5909090909090909; 0.52; 0.5531914893617023
results_zhang16/mediastore\tracelinks_zhang16_0.025_20210421140333.csv; 0.75; 0.48; 0.5853658536585366
results_zhang16/mediastore\tracelinks_zhang16_0.02_20210421140333.csv; 0.7647058823529411; 0.52; 0.6190476190476191
results_zhang16/mediastore\tracelinks_zhang16_0.03_20210421140333.csv; 0.7857142857142857; 0.44; 0.5641025641025641
